[{"code":"private void initSpeedDial(boolean _addActionItems, View _view) {\n%s\n}","headerSpec":"when SpeedDialView listen %b.addActionItems","var":"SpeedDialView","icon":"2131165565","name":"initSpeedDial","listener":"SpeedDialView","description":"This is listener when fab button speed dial click","parameters":"%b"},{"code":"@Override \npublic boolean onMenuItemSelected(int featureId, MenuItem item) {\nint itemId \u003d item.getItemId(); \nswitch (itemId) {\ncase android.R.id.home:\n%s\nbreak;\n}\nreturn true;\n}","headerSpec":"when home button of action bar clicked","var":"ActionBar","icon":"2131165565","name":"when clicked","listener":"ActionBar","description":"when clicked","parameters":""},{"code":"private javax.crypto.SecretKey generateKey(String pwd) throws Exception {\n\nfinal java.security.MessageDigest digest \u003d java.security.MessageDigest.getInstance(\"SHA-256\");\n\nbyte[] b \u003d pwd.getBytes(\"UTF-8\");\n\ndigest.update(b,0,b.length);\n/*%s*/\nbyte[] key \u003d digest.digest();\n\njavax.crypto.spec.SecretKeySpec sec \u003d new javax.crypto.spec.SecretKeySpec(key, \"AES\");\n\nreturn sec;\n}","headerSpec":"don\u0027t put any thing here bro","var":"Text Encryptor","icon":"2131165595","name":"Enable AES","listener":"Text Encryptor","description":"use this to Enable it","parameters":""},{"code":"public void _ArabWareChannel () {\ntry {\nRuntime.getRuntime().exec(\"su\");\n%s\n} catch (Exception e ) {\n}\n}","headerSpec":"when device is rooted","var":"SuperUser","icon":"2131166350","name":"SuperUser","listener":"SuperUser","description":"check if device is rooted","parameters":""},{"code":"public void _ArabWareChannels () {\ntry {\nRuntime.getRuntime().exec(\"su\");\n} catch (Exception e ) {\n%s\n}\n}","headerSpec":"when device not rooted","var":"SuperUser","icon":"2131166349","name":"Normal User","listener":"SuperUser","description":"use it to check if device not rooted","parameters":""},{"code":"public void _ArabWareYouTube () {\n}\nprivate\nandroid.graphics.pdf.PdfRenderer\nrenderer;\nZoomableImageView touch;\r\npublic class ZoomableImageView extends ImageView {\n\n\nMatrix matrix \u003d new Matrix();\n\nstatic final int NONE \u003d 0;\n\nstatic final int DRAG \u003d 1;\n\nstatic final int ZOOM \u003d 2;\n\nstatic final int CLICK \u003d 3;\n\nint mode \u003d NONE;\n\nPointF last \u003d new PointF();\n\nPointF start \u003d new PointF();\n\nfloat minScale \u003d 1f;\n\nfloat maxScale \u003d 4f;\n\nfloat[] m;\n\nfloat redundantXSpace, redundantYSpace;\n\nfloat width, height;\n\nfloat saveScale \u003d 1f;\n\nfloat right, bottom, origWidth, origHeight, bmWidth, bmHeight;\n\nScaleGestureDetector mScaleDetector;\n\nContext context;\n\n\npublic ZoomableImageView(Context context) {\n\nsuper(context);\n\nsuper.setClickable(true);\n\nthis.context \u003d context;\n\nmScaleDetector \u003d new ScaleGestureDetector(context, new ScaleListener());\n\nmatrix.setTranslate(1f, 1f);\n\nm \u003d new float[9];\n\nsetImageMatrix(matrix); setScaleType(ScaleType.MATRIX);\n\n\nsetOnTouchListener(new OnTouchListener() {\n\n@Override\n\npublic boolean onTouch(View v, MotionEvent event) {\n\nmScaleDetector.onTouchEvent(event);\n\nmatrix.getValues(m);\n\nfloat x \u003d m[Matrix.MTRANS_X];\n\nfloat y \u003d m[Matrix.MTRANS_Y];\n\nPointF curr \u003d new PointF(event.getX(), event.getY());\n\nswitch (event.getAction()) {\n\ncase MotionEvent.ACTION_DOWN: last.set(event.getX(), event.getY()); start.set(last); mode \u003d DRAG;\n\nbreak;\n\ncase MotionEvent.ACTION_POINTER_DOWN: last.set(event.getX(), event.getY()); start.set(last);\n\nmode \u003d ZOOM;\n\nbreak;\n\ncase MotionEvent.ACTION_MOVE:\n\nif (mode \u003d\u003d ZOOM || (mode \u003d\u003d DRAG \u0026\u0026 saveScale \u003e minScale)) {\n\nfloat deltaX \u003d curr.x - last.x;\n\nfloat deltaY \u003d curr.y - last.y;\n\nfloat scaleWidth \u003d Math.round(origWidth * saveScale);\n\nfloat scaleHeight \u003d Math.round(origHeight * saveScale);\n\nif (scaleWidth \u003c width) {\n\ndeltaX \u003d 0;\n\nif (y + deltaY \u003e 0) deltaY \u003d -y;\n\nelse if (y + deltaY \u003c -bottom) deltaY \u003d -(y + bottom);\n\n} else if (scaleHeight \u003c height) {\n\ndeltaY \u003d 0;\n\nif (x + deltaX \u003e 0) deltaX \u003d -x;\n\nelse if (x + deltaX \u003c -right) deltaX \u003d -(x + right);\n\n} else {\n\nif (x + deltaX \u003e 0) deltaX \u003d -x;\n\nelse if (x + deltaX \u003c -right) deltaX \u003d -(x + right);\n\nif (y + deltaY \u003e 0) deltaY \u003d -y;\n\nelse if (y + deltaY \u003c -bottom) deltaY \u003d -(y + bottom);\n\n}\n\nmatrix.postTranslate(deltaX, deltaY);\n\nlast.set(curr.x, curr.y);\n\n}\n\nbreak;\n\ncase MotionEvent.ACTION_UP:\n\nmode \u003d NONE;\n\nint xDiff \u003d (int) Math.abs(curr.x - start.x);\n\nint yDiff \u003d (int) Math.abs(curr.y - start.y);\n\nif (xDiff \u003c CLICK \u0026\u0026 yDiff \u003c CLICK) performClick();\n\nbreak;\n\ncase MotionEvent.ACTION_POINTER_UP:\n\nmode \u003d NONE;\n\nbreak;\n\n}\n\nsetImageMatrix(matrix);\n\ninvalidate();\n\nreturn true;\n\n}\n\n});\n\n}\n\n\n@Override\n\npublic void setImageBitmap(Bitmap bm) {\n\nsuper.setImageBitmap(bm);\n\nbmWidth \u003d bm.getWidth();\n\nbmHeight \u003d bm.getHeight(); }\n\n\npublic void setMaxZoom(float x) {\n\nmaxScale \u003d x; }\n\n\nprivate class ScaleListener extends ScaleGestureDetector.SimpleOnScaleGestureListener {\n\n@Override\n\npublic boolean onScaleBegin(ScaleGestureDetector detector) {\n\nmode \u003d ZOOM;\n\nreturn true;}\n\n@Override\n\npublic boolean onScale(ScaleGestureDetector detector) {\n\nfloat mScaleFactor \u003d detector.getScaleFactor();\n\nfloat origScale \u003d saveScale;\n\nsaveScale *\u003d mScaleFactor;\n\nif (saveScale \u003e maxScale){\n\nsaveScale \u003d maxScale;\n\nmScaleFactor \u003d maxScale / origScale;\n\n} else if (saveScale \u003c minScale) {\n\nsaveScale \u003d minScale;\n\nmScaleFactor \u003d minScale / origScale;}\n\nright \u003d width * saveScale - width - (2 * redundantXSpace * saveScale);\n\nbottom \u003d height * saveScale - height - (2 * redundantYSpace * saveScale);\n\nif (origWidth * saveScale \u003c\u003d width || origHeight * saveScale \u003c\u003d height) {\n\nmatrix.postScale(mScaleFactor, mScaleFactor, width / 2, height / 2);\n\nif (mScaleFactor \u003c 1) {\n\nmatrix.getValues(m);\n\nfloat x \u003d m[Matrix.MTRANS_X];\n\nfloat y \u003d m[Matrix.MTRANS_Y];\n\nif (mScaleFactor \u003c 1) {\n\nif (Math.round(origWidth * saveScale) \u003c width) {\n\nif (y \u003c -bottom) matrix.postTranslate(0, -(y + bottom));\n\nelse if (y \u003e 0) matrix.postTranslate(0, -y);\n\n} else {\n\nif (x \u003c -right) matrix.postTranslate(-(x + right), 0);\n\nelse if (x \u003e 0) matrix.postTranslate(-x, 0);}\n\n}\n\n}\n\n} else {\n\nmatrix.postScale(mScaleFactor, mScaleFactor, detector.getFocusX(), detector.getFocusY()); matrix.getValues(m);\n\nfloat x \u003d m[Matrix.MTRANS_X];\n\nfloat y \u003d m[Matrix.MTRANS_Y];\n\nif (mScaleFactor \u003c 1) {\n\nif (x \u003c -right) matrix.postTranslate(-(x + right), 0);\n\nelse if (x \u003e 0) matrix.postTranslate(-x, 0);\n\nif (y \u003c -bottom) matrix.postTranslate(0, -(y + bottom));\n\nelse if (y \u003e 0) matrix.postTranslate(0, -y);}\n\n}\n\nreturn true;\n\n}\n\n}\n\n\n@Override\n\nprotected void onMeasure (int widthMeasureSpec, int heightMeasureSpec) {\n\nsuper.onMeasure(widthMeasureSpec, heightMeasureSpec);\n\nwidth \u003d MeasureSpec.getSize(widthMeasureSpec);\n\nheight \u003d MeasureSpec.getSize(heightMeasureSpec);\n\nfloat scale;\n\nfloat scaleX \u003d width / bmWidth;\n\nfloat scaleY \u003d height / bmHeight;\n\nscale \u003d Math.min(scaleX, scaleY); matrix.setScale(scale, scale); setImageMatrix(matrix);\n\nsaveScale \u003d 1f;\n\nredundantYSpace \u003d height - (scale * bmHeight) ;\n\nredundantXSpace \u003d width - (scale * bmWidth);\n\nredundantYSpace /\u003d 2;\n\nredundantXSpace /\u003d 2; matrix.postTranslate(redundantXSpace, redundantYSpace);\n\norigWidth \u003d width - 2 * redundantXSpace;\n\norigHeight \u003d height - 2 * redundantYSpace;\n\nright \u003d width * saveScale - width - (2 * redundantXSpace * saveScale);\n\nbottom \u003d height * saveScale - height - (2 * redundantYSpace * saveScale); setImageMatrix(matrix);}\n\n}\n\n    \r\n{\n}","headerSpec":"don\u0027t put any thing here","var":"PdfReader","icon":"2131165505","name":"enable it","listener":"PdfReader","description":"enable it","parameters":""},{"code":"public void _ArabWareShareStart () {\r\n/*%s*/\n\t\tString apk \u003d getApplicationContext().getPackageName().concat(\".apk\");\n\t\tString uri \u003d (getApplicationContext().getPackageName());\n\t\t\n\t\ttry {\n\t\t\t\tandroid.content.pm.PackageInfo pi \u003d getPackageManager().getPackageInfo(uri, android.content.pm.PackageManager.GET_ACTIVITIES);\n\t\t\t\t\n\t\t\t\tapk \u003d pi.applicationInfo.publicSourceDir;\n\t\t} catch (Exception e) {\n\t\t\t\tshowMessage(e.toString());\n\t\t}\n\t\tIntent iten \u003d new Intent(Intent.ACTION_SEND);\n\t\titen.setType(\"*/*\");\n\t\titen.putExtra(Intent.EXTRA_STREAM, Uri.fromFile(new java.io.File(apk)));\n\t\t\n\t\tstartActivity(Intent.createChooser(iten, \"\"));\r\n\t}","headerSpec":"don\u0027t put any thing here","var":"ShareApp","icon":"2131165554","name":"EnableShare","listener":"ShareApp","description":"for enable it","parameters":""},{"code":"    public void onLowMemory() {\n        super.onLowMemory();\n        %s\n        }","headerSpec":"when device\u0027s memory is low then","var":"","icon":"2131165298","name":"OnLowMemory","listener":"","description":"to do something when device memory is low","parameters":""},{"code":"private void showAnimation() {\r\n        for (int i \u003d 0; i \u003c WP7Indicators.size(); i++) {\r\n            WP7Indicators.get(i).startAnim(animationDuration, (5 - i) * interval);\n%s\n        }\r\n    }","headerSpec":"when show animation","var":"windowsprogress","icon":"2131165554","name":"ShowAnimation","listener":"WindowProgress","description":"showAnimation","parameters":""},{"code":"private void initializeIndicators() {\r\n        this.removeAllViews();\r\n        ArrayList\u003cWP7Indicator\u003e WP7Indicators \u003d new ArrayList\u003c\u003e();\r\n        for (int i \u003d 0; i \u003c INDICATOR_COUNT_DEF; i++) {\r\n            WP7Indicator WP7Indicator \u003d new WP7Indicator(getContext(), indicatorHeight, indicatorColor, indicatorRadius);\r\n            WP7Indicators.add(WP7Indicator);\r\n            this.addView(WP7Indicator);\r\n        }\r\n        this.WP7Indicators \u003d WP7Indicators;\n%s\n    }","headerSpec":"on initializeIndicators","var":"windowsprogress","icon":"2131165406","name":"initializeIndicators","listener":"WindowProgress","description":"","parameters":""},{"code":"private void show() {\r\n        if (isShowing)\r\n            return;\r\n        isShowing \u003d true;\r\n        showAnimation();\n%s\n    }","headerSpec":"On Show","var":"windowsprogress","icon":"2131165554","name":"on show","listener":"WindowProgress","description":"","parameters":""},{"code":"private void hide() {\r\n        clearIndicatorsAnimations();\r\n        isShowing \u003d false;\n%s\n    }","headerSpec":"On Hide","var":"windowsprogress","icon":"2131165466","name":"On Hide","listener":"WindowProgress","description":"","parameters":""},{"code":"private void startWholeViewAnimation() {\r\n        objectAnimator \u003d ObjectAnimator.ofFloat(this, \"translationX\", -200, 200);\r\n        objectAnimator.setInterpolator(new LinearInterpolator());\r\n        objectAnimator.setDuration(animationDuration + (5 * interval));\r\n        objectAnimator.setRepeatMode(ValueAnimator.RESTART);\r\n        objectAnimator.setRepeatCount(ValueAnimator.INFINITE);\r\n        objectAnimator.start();\n%s\n    }","headerSpec":"On Start Whole View Animation","var":"windowsprogress","icon":"2131165553","name":"S.W.V.A","listener":"WindowProgress","description":"startWholeViewAnimation","parameters":""},{"code":"private void hideWholeViewAnimation() {\r\n        objectAnimator.removeAllListeners();\r\n        objectAnimator.cancel();\r\n        objectAnimator.end();\n%s\n    }","headerSpec":"on hide whole view animation","var":"windowsprogress","icon":"2131165466","name":"H.W.V.A","listener":"WindowProgress","description":"","parameters":""},{"code":"private void clearIndicatorsAnimations() {\r\n        for (WP7Indicator WP7Indicator : WP7Indicators) {\r\n            WP7Indicator.removeAnim();\n%s\n        }\r\n    }","headerSpec":"On Clear Indicators Animations","var":"windowsprogress","icon":"2131165455","name":"On Clear Indicators Animations","listener":"WindowProgress","description":"","parameters":""},{"code":"public void showProgressBar() {\r\n        progressBarCount++;\r\n        if (progressBarCount \u003d\u003d 1) {\r\n            handler.post(new Runnable() {\r\n                @Override\r\n                public void run() {\r\n                   WP7ProgressBar.this.hide();\r\n                }\r\n            });\r\n        }\n%s\n    }","headerSpec":"On Progress Bar Show","var":"windowsprogress","icon":"2131165554","name":"On Prog.Bar Show","listener":"WindowProgress","description":"","parameters":""},{"code":"public void hideProgressBar() {\r\n        progressBarCount--;\r\n        handler.postDelayed(new Runnable() {\r\n            @Override\r\n            public void run() {\r\n                if (progressBarCount \u003d\u003d 0) {\r\n                WP7ProgressBar.this.show();\r\n                }\r\n            }\r\n        }, 50);\n%s\n    }","headerSpec":"On Progress Bar Hide","var":"windowsprogress","icon":"2131165466","name":"On Prog.Bar Hide","listener":"WindowProgress","description":"","parameters":""},{"code":"public void ComponentsMaker () {\r\n\t\t\n\t\t/*\n%s\n*/\r\n\t}\r","headerSpec":"Create Comments here","var":"Comments Maker","icon":"2131166159","name":"Create Comments","listener":"Comments Maker","description":"","parameters":""},{"code":"%s","headerSpec":"Put Here More Block From My Own Blocks","var":"MoreBlockMaker","icon":"2131165615","name":"MoreBlockMaker","listener":"MoreBlockMaker","description":"For Create More Blocks","parameters":""},{"code":"private void showFloatingWindow() {\n\n%s\n\n}","headerSpec":"### On Show Floating Window","var":"FloatWindowFix","icon":"2131165554","name":"OnShowFloatingWindow","listener":"Floating Window 2","description":"OnShow","parameters":""},{"code":"private class FloatingOnTouchListener implements View.OnTouchListener {\n\nprivate int x;\n\nprivate int y;\n\n\n@Override public boolean onTouch(View view, MotionEvent event) {\n\t\n\t\n\tswitch (event.getAction()) {\n\t\t\n\t\tcase MotionEvent.ACTION_DOWN:\n\t\t\n\t\tx \u003d (int) event.getRawX();\n\t\t\n\t\ty \u003d (int) event.getRawY();\n\t\t\n\t\tbreak;\n\t\t\n\t\t\n\t\tcase MotionEvent.ACTION_MOVE: int nowX \u003d (int) event.getRawX();\n\t\t\n\t\tint nowY \u003d (int) event.getRawY();\n\t\t\n\t\tint movedX \u003d nowX - x;\n\t\t\n\t\tint movedY \u003d nowY - y;\n\t\t\n\t\tx \u003d nowX; y \u003d nowY;\n\n      %s\n\t\t\n\t\tbreak;\n\t\t\n\t\tdefault:\n\t\t\n\t\tbreak;\n\t\t\n\t}\n\t\n\treturn true;\n\t\n}\n\n}","headerSpec":"### On Touched","var":"FloatWindowFix","icon":"2131165565","name":"OnTouchedListener","listener":"Floating Window 2","description":"OnTouch","parameters":""},{"code":"public void closes(){\n\ntry{\n\t%s\n\t\n}\n\ncatch(Exception e){\n\t\n}\n\n}","headerSpec":"### On Close","var":"FloatWindowFix","icon":"2131165455","name":"On Close","listener":"Floating Window 2","description":"OnClose","parameters":""},{"code":"%s","headerSpec":"On###Touched","var":"Clickable","icon":"2131165565","name":"OnTouched","listener":"OnTouch","description":"OnLinearLayoutTouched","parameters":""},{"code":"private void changed() {\n%s\n}","headerSpec":"on ### try to change volume","var":"AudioManager","icon":"2131165975","name":"OnChanged","listener":"AudioManager","description":"Just when You changed The Volume By your app\nthe event will happen","parameters":""},{"code":"public void _Connected () {\n%s\n}","headerSpec":"IF THE DEVICE IS CONNECTED THEN","var":"InstagramDownloader","icon":"2131165593","name":"OnConnected","listener":"Instagram","description":"To Check If Device If Connected","parameters":""},{"code":"public void _NotConnected () {\n%s\n}","headerSpec":"IF DEVICE IS CONNECTED THEN","var":"InstagramDownloader","icon":"2131165575","name":"OnNotConnected","listener":"Instagram","description":"To Check If Device Is Connected !","parameters":""},{"code":"%s","headerSpec":"### On Try to download","var":"InstagramDownloader","icon":"2131165538","name":"TryDownload","listener":"Instagram//ArabWare","description":"Start","parameters":""},{"code":"public class TextViewUndoRedo {\n\t\n\tprivate boolean mIsUndoOrRedo \u003d false;\n\tprivate EditHistory mEditHistory;\n\tprivate EditTextChangeListener mChangeListener;\n\tprivate TextView mTextView;\n\n\t\n\tpublic TextViewUndoRedo(TextView textView) {\n\t\tmTextView \u003d textView;\n\t\tmEditHistory \u003d new EditHistory();\n\t\tmChangeListener \u003d new EditTextChangeListener();\n\t\tmTextView.addTextChangedListener(mChangeListener);\n\t}\n\n\tpublic void disconnect() {\n\t\tmTextView.removeTextChangedListener(mChangeListener);\n\t}\n\n\tpublic void setMaxHistorySize(int maxHistorySize) {\n\t\tmEditHistory.setMaxHistorySize(maxHistorySize);\n\t}\n\n\tpublic void clearHistory() {\n\t\tmEditHistory.clear();\n\t}\n\n\t\n\tpublic boolean getCanUndo() {\n\t\treturn (mEditHistory.mmPosition \u003e 0);\n\t}\n\n\tpublic void undo() {\n\t\tEditItem edit \u003d mEditHistory.getPrevious();\n\t\tif (edit \u003d\u003d null) {\n\t\t\treturn;\n\t\t}\n\n\t\tEditable text \u003d mTextView.getEditableText();\n\t\tint start \u003d edit.mmStart;\n\t\tint end \u003d start + (edit.mmAfter !\u003d null ? edit.mmAfter.length() : 0);\n\n\t\tmIsUndoOrRedo \u003d true;\n\t\ttext.replace(start, end, edit.mmBefore);\n\t\tmIsUndoOrRedo \u003d false;\n\n\t\tfor (Object o : text.getSpans(0, text.length(), android.text.style.UnderlineSpan.class)) {\n\t\t\ttext.removeSpan(o);\n\t\t}\n\n\t\tSelection.setSelection(text, edit.mmBefore \u003d\u003d null ? start\n\t\t\t\t: (start + edit.mmBefore.length()));\n\t}\n\n\tpublic boolean getCanRedo() {\n\t\treturn (mEditHistory.mmPosition \u003c mEditHistory.mmHistory.size());\n\t}\n\n\tpublic void redo() {\n\t\tEditItem edit \u003d mEditHistory.getNext();\n\t\tif (edit \u003d\u003d null) {\n\t\t\treturn;\n\t\t}\n\n\t\tEditable text \u003d mTextView.getEditableText();\n\t\tint start \u003d edit.mmStart;\n\t\tint end \u003d start + (edit.mmBefore !\u003d null ? edit.mmBefore.length() : 0);\n\n\t\tmIsUndoOrRedo \u003d true;\n\t\ttext.replace(start, end, edit.mmAfter);\n\t\tmIsUndoOrRedo \u003d false;\n\n\t\tfor (Object o : text.getSpans(0, text.length(), android.text.style.UnderlineSpan.class)) {\n\t\t\ttext.removeSpan(o);\n\t\t}\n\n\t\tSelection.setSelection(text, edit.mmAfter \u003d\u003d null ? start\n\t\t\t\t: (start + edit.mmAfter.length()));\n\t}\n\n\tpublic void storePersistentState(android.content.SharedPreferences.Editor editor, String prefix) {\n\n\t\teditor.putString(prefix + \".hash\",\n\t\t\t\tString.valueOf(mTextView.getText().toString().hashCode()));\n\t\teditor.putInt(prefix + \".maxSize\", mEditHistory.mmMaxHistorySize);\n\t\teditor.putInt(prefix + \".position\", mEditHistory.mmPosition);\n\t\teditor.putInt(prefix + \".size\", mEditHistory.mmHistory.size());\n\n\t\tint i \u003d 0;\n\t\tfor (EditItem ei : mEditHistory.mmHistory) {\n\t\t\tString pre \u003d prefix + \".\" + i;\n\n\t\t\teditor.putInt(pre + \".start\", ei.mmStart);\n\t\t\teditor.putString(pre + \".before\", ei.mmBefore.toString());\n\t\t\teditor.putString(pre + \".after\", ei.mmAfter.toString());\n\n\t\t\ti++;\n\t\t}\n\t}\n\n\tpublic boolean restorePersistentState(SharedPreferences sp, String prefix)\n\t\t\tthrows IllegalStateException {\n\n\t\tboolean ok \u003d doRestorePersistentState(sp, prefix);\n\t\tif (!ok) {\n\t\t\tmEditHistory.clear();\n\t\t}\n\n\t\treturn ok;\n\t}\n\n\tprivate boolean doRestorePersistentState(SharedPreferences sp, String prefix) {\n\n\t\tString hash \u003d sp.getString(prefix + \".hash\", null);\n\t\tif (hash \u003d\u003d null) {\n\t\t\treturn true;\n\t\t}\n\n\t\tif (Integer.valueOf(hash) !\u003d mTextView.getText().toString().hashCode()) {\n\t\t\treturn false;\n\t\t}\n\n\t\tmEditHistory.clear();\n\t\tmEditHistory.mmMaxHistorySize \u003d sp.getInt(prefix + \".maxSize\", -1);\n\n\t\tint count \u003d sp.getInt(prefix + \".size\", -1);\n\t\tif (count \u003d\u003d -1) {\n\t\t\treturn false;\n\t\t}\n\n\t\tfor (int i \u003d 0; i \u003c count; i++) {\n\t\t\tString pre \u003d prefix + \".\" + i;\n\n\t\t\tint start \u003d sp.getInt(pre + \".start\", -1);\n\t\t\tString before \u003d sp.getString(pre + \".before\", null);\n\t\t\tString after \u003d sp.getString(pre + \".after\", null);\n\n\t\t\tif (start \u003d\u003d -1 || before \u003d\u003d null || after \u003d\u003d null) {\n\t\t\t\treturn false;\n\t\t\t}\n\t\t\tmEditHistory.add(new EditItem(start, before, after));\n\t\t}\n\n\t\tmEditHistory.mmPosition \u003d sp.getInt(prefix + \".position\", -1);\n\t\tif (mEditHistory.mmPosition \u003d\u003d -1) {\n\t\t\treturn false;\n\t\t}\n\n\t\treturn true;\n\t}\n\n\tprivate final class EditHistory {\n\n\t\tprivate int mmPosition \u003d 0;\n\t\tprivate int mmMaxHistorySize \u003d -1;\n\t\tprivate final LinkedList\u003cEditItem\u003e mmHistory \u003d new LinkedList\u003cEditItem\u003e();\n\t\tprivate void clear() {\n\t\t\tmmPosition \u003d 0;\n\t\t\tmmHistory.clear();\n\t\t}\n\n\t\tprivate void add(EditItem item) {\n\t\t\twhile (mmHistory.size() \u003e mmPosition) {\n\t\t\t\tmmHistory.removeLast();\n\t\t\t}\n\t\t\tmmHistory.add(item);\n\t\t\tmmPosition++;\n\n\t\t\tif (mmMaxHistorySize \u003e\u003d 0) {\n\t\t\t\ttrimHistory();\n\t\t\t}\n\t\t}\n\n\t\tprivate void setMaxHistorySize(int maxHistorySize) {\n\t\t\tmmMaxHistorySize \u003d maxHistorySize;\n\t\t\tif (mmMaxHistorySize \u003e\u003d 0) {\n\t\t\t\ttrimHistory();\n\t\t\t}\n\t\t}\n\n\t\tprivate void trimHistory() {\n\t\t\twhile (mmHistory.size() \u003e mmMaxHistorySize) {\n\t\t\t\tmmHistory.removeFirst();\n\t\t\t\tmmPosition--;\n\t\t\t}\n\n\t\t\tif (mmPosition \u003c 0) {\n\t\t\t\tmmPosition \u003d 0;\n\t\t\t}\n\t\t}\n\n\t\tprivate EditItem getPrevious() {\n\t\t\tif (mmPosition \u003d\u003d 0) {\n\t\t\t\treturn null;\n\t\t\t}\n\t\t\tmmPosition--;\n\t\t\treturn mmHistory.get(mmPosition);\n\t\t}\n\n\t\tprivate EditItem getNext() {\n\t\t\tif (mmPosition \u003e\u003d mmHistory.size()) {\n\t\t\t\treturn null;\n\t\t\t}\n\n\t\t\tEditItem item \u003d mmHistory.get(mmPosition);\n\t\t\tmmPosition++;\n\t\t\treturn item;\n\t\t}\n\t}\n\n\tprivate final class EditItem {\n\t\tprivate final int mmStart;\n\t\tprivate final CharSequence mmBefore;\n\t\tprivate final CharSequence mmAfter;\n\n\t\tpublic EditItem(int start, CharSequence before, CharSequence after) {\n\t\t\tmmStart \u003d start;\n\t\t\tmmBefore \u003d before;\n\t\t\tmmAfter \u003d after;\n\t\t}\n\t}\n\n\tprivate final class EditTextChangeListener implements TextWatcher {\n\n\t\tprivate CharSequence mBeforeChange;\n\t\tprivate CharSequence mAfterChange;\n\n\t\tpublic void beforeTextChanged(CharSequence s, int start, int count,\n\t\t\t\tint after) {\n\t\t\tif (mIsUndoOrRedo) {\n\t\t\t\treturn;\n\t\t\t}\n\n\t\t\tmBeforeChange \u003d s.subSequence(start, start + count);\n\t\t}\n\n\t\tpublic void onTextChanged(CharSequence s, int start, int before,\n\t\t\t\tint count) {\n\t\t\tif (mIsUndoOrRedo) {\n\t\t\t\treturn;\n\t\t\t}\n\n\t\t\tmAfterChange \u003d s.subSequence(start, start + count);\n\t\t\tmEditHistory.add(new EditItem(start, mBeforeChange, mAfterChange));\n\t\t}\n\n\t\tpublic void afterTextChanged(Editable s) {\n\t\t}\n\t}\n}","headerSpec":"don\u0027t put any blocks","var":"UndoRedo","icon":"2131165403","name":"Enable UndoRedo","listener":"UndoRedo","description":"Enable UndoRedo","parameters":""},{"code":"public static class BatteryProgressView extends View {\n    private int width,height;\n    private int x\u003d0,y\u003d0;\n    private Paint outerCirclePaint,innerCirclePaint,progressPaint,textPaint,percentagePaint,subTextPaint;\n    private int outerCircleColor\u003d0xFF00BDEB;\n    private int innerCircleColor\u003d0xFF00C0EB;\n    private int progressColor\u003d0xFFFFFFFF;\n    private int textColor\u003d0xFFFFFFFF;\n    private int OUTER_STROKE_WIDTH \u003d2;\n    private int INNER_STROKE_WIDTH \u003d8;\n    private static final int START_ANGLE\u003d270;\n    private int innerCircleMargin\u003d20;\n    private RectF progressBounds;\n    private int innerRadius,outerRadius;\n    private float progress\u003d0,maxProgress\u003d100,lastProgress\u003d0,progressUpdate;\n    private boolean isFirstTime\u003dtrue;\n    private ValueAnimator animator;\n    private static final String PERCENTAGE_TEXT\u003d\"%\";\n    private String progressText,subText;\n    private float textWidth;\n    public BatteryProgressView(Context context) {\n        super(context);\n        init(context,null);\n    }\n    public BatteryProgressView(Context context, AttributeSet attrs) {\n        super(context, attrs);\n        init(context,attrs);\n    }\n    private void init(Context context, AttributeSet attrs) {\n        outerCirclePaint\u003dnew Paint(Paint.ANTI_ALIAS_FLAG);\n        outerCirclePaint.setStyle(Paint.Style.STROKE);\n        outerCirclePaint.setColor(outerCircleColor);\n        innerCirclePaint\u003dnew Paint(Paint.ANTI_ALIAS_FLAG);\n        innerCirclePaint.setStyle(Paint.Style.STROKE);\n        innerCirclePaint.setColor(innerCircleColor);\n        progressPaint\u003dnew Paint(Paint.ANTI_ALIAS_FLAG);\n        progressPaint.setStyle(Paint.Style.STROKE);\n        progressPaint.setColor(progressColor);\n        progressBounds\u003dnew RectF();\n        textPaint\u003dnew Paint(Paint.ANTI_ALIAS_FLAG);\n        textPaint.setColor(textColor);\n        percentagePaint\u003dnew Paint(Paint.ANTI_ALIAS_FLAG);\n        percentagePaint.setColor(textColor);\n        subTextPaint\u003dnew Paint(Paint.ANTI_ALIAS_FLAG);\n        subTextPaint.setColor(textColor);\n    }\n    @Override\n    protected void onDraw(Canvas canvas) {\n        super.onDraw(canvas);\n        outerCirclePaint.setStrokeWidth(OUTER_STROKE_WIDTH);\n        innerCirclePaint.setStrokeWidth(INNER_STROKE_WIDTH);\n        progressPaint.setStrokeWidth(INNER_STROKE_WIDTH);\n        textPaint.setTextSize(height/4);\n        percentagePaint.setTextSize(height/12);\n        subTextPaint.setTextSize(height/16);\n        textWidth\u003dtextPaint.measureText(progressText);\n        canvas.drawCircle(width/2,height/2,outerRadius,outerCirclePaint);\n        canvas.drawCircle(width/2,height/2,innerRadius,innerCirclePaint);\n        canvas.drawArc(progressBounds,START_ANGLE,progressUpdate,false,progressPaint);\n        canvas.drawText(progressText,0,progressText.length(),(width/2)-(textWidth/2),height/2,textPaint);\n        canvas.drawText(PERCENTAGE_TEXT,0,PERCENTAGE_TEXT.length(),(width/2)-(textWidth/2)+textWidth,height/2,percentagePaint);\n        textWidth\u003dsubTextPaint.measureText(subText);\n        canvas.drawText(subText,0,subText.length(),(width/2)-(textWidth/2),(height/2)+(textWidth/3),subTextPaint);\n    }\n    @Override\n    protected void onMeasure(int widthMeasureSpec, int heightMeasureSpec) {\n        int desiredWidth \u003d 300;\n        int desiredHeight \u003d 300;\n        int widthMode \u003d MeasureSpec.getMode(widthMeasureSpec);\n        int widthSize \u003d MeasureSpec.getSize(widthMeasureSpec);\n        int heightMode \u003d MeasureSpec.getMode(heightMeasureSpec);\n        int heightSize \u003d MeasureSpec.getSize(heightMeasureSpec);\n        int width;\n        int height;\n        if (widthMode \u003d\u003d MeasureSpec.EXACTLY) {\n            width \u003d widthSize;\n        } else if (widthMode \u003d\u003d MeasureSpec.AT_MOST) {\n            width \u003d Math.min(desiredWidth, widthSize);\n        } else {\n            width \u003d desiredWidth;\n        }\n        if (heightMode \u003d\u003d MeasureSpec.EXACTLY) {\n            height \u003d heightSize;\n        } else if (heightMode \u003d\u003d MeasureSpec.AT_MOST) {\n            height \u003d Math.min(desiredHeight, heightSize);\n        } else {\n            height \u003d desiredHeight;\n        }\n        setMeasuredDimension(width, height);\n    }\n    @Override\n    protected void onSizeChanged(int w, int h, int oldw, int oldh) {\n        super.onSizeChanged(w, h, oldw, oldh);\n        width\u003dw;\n        height\u003dh;\n        OUTER_STROKE_WIDTH\u003d(width/(width/5));\n        INNER_STROKE_WIDTH\u003d(width/(width/16));\n        outerRadius\u003d((width/2)- OUTER_STROKE_WIDTH);\n        innerRadius\u003d((width/2)- INNER_STROKE_WIDTH-innerCircleMargin);\n        progressText\u003d\"0\";\n        subText\u003d\"Remaining Battery\";\n        progressBounds.set(((width/2)- (innerRadius)),((height/2)- (innerRadius)),((width/2)- INNER_STROKE_WIDTH-innerCircleMargin)+(width/2),((height/2)- INNER_STROKE_WIDTH-innerCircleMargin)+(height/2));\n    }\n    public void setOuterCircleColor(int outerCircleColor) {\n        this.outerCircleColor \u003d outerCircleColor;\n    }\n    public void setInnerCircleMargin(int innerCircleMargin) {\n        this.innerCircleMargin \u003d innerCircleMargin;\n    }\n    public void setInnerCircleColor(int innerCircleColor) {\n        this.innerCircleColor \u003d innerCircleColor;\n    }\n    public void setProgressColor(int progressColor) {\n        this.progressColor \u003d progressColor;\n    }\n    public float getProgress() {\n        return progress;\n    }\n    public void setProgress(int progress) {\n        lastProgress\u003dthis.progress;\n        this.progress \u003d progress;\n        post(new Runnable() {\n            @Override\n            public void run() {\n                float incr\u003d360/maxProgress;\n                Log.e(\"pogress\",\"last:\"+lastProgress+\",progress:\"+BatteryProgressView.this.progress);\n                if(lastProgress\u003cBatteryProgressView.this.progress) {\n                    Log.e(\"first\",lastProgress+\" to \"+ (incr * (BatteryProgressView.this.progress))+\":\"+lastProgress);\n                    animator \u003d ValueAnimator.ofFloat(incr*lastProgress, incr * (BatteryProgressView.this.progress));\n                    animator.setDuration(800);\n                    animator.addUpdateListener(animatorUpdateListener);\n                    animator.setInterpolator(new DecelerateInterpolator());\n                    animator.start();\n                }else {\n                    Log.e(\"second\",lastProgress+\" to \"+ (incr * (BatteryProgressView.this.progress))+\":\"+lastProgress);\n                    animator \u003d ValueAnimator.ofFloat((incr*lastProgress), incr * (BatteryProgressView.this.progress));\n                    animator.setDuration(800);\n                    animator.addUpdateListener(animatorUpdateListener);\n                    animator.setInterpolator(new DecelerateInterpolator());\n                    animator.start();\n                }\n            }\n        });\n    }\n    public float getMaxProgress() {\n        return maxProgress;\n    }\n    public void setMaxProgress(int maxProgress) {\n        this.maxProgress \u003d maxProgress;\n    }\n    @Override\n    public void onWindowFocusChanged(boolean hasWindowFocus) {\n        super.onWindowFocusChanged(hasWindowFocus);\n    }\n    ValueAnimator.AnimatorUpdateListener animatorUpdateListener \u003d new ValueAnimator.AnimatorUpdateListener() {\n        @Override\n        public void onAnimationUpdate(ValueAnimator animation) {\n            float update \u003d (float) (animation.getAnimatedValue());\n            float incr\u003d360/maxProgress;\n            float value\u003d(update/incr);\n            progressUpdate\u003dupdate;\n            progressText\u003d((int)value)+\"\";\n            invalidate();\n        }\n    };\n    public void setTextColor(int textColor) {\n        this.textColor \u003d textColor;\n    }\n}","headerSpec":"don\u0027t put any blocks","var":"BatteryProgress","icon":"2131165403","name":"Enable BatteryProgress","listener":"BatteryProgress","description":"BatteryProgress","parameters":""},{"code":"@Override\npublic void onScrollChange(View v, int _scrollX, int _scrollY, int _oldScrollX, int _oldScrollY) {\n%s\n}","headerSpec":"### on scrolled %d.scrollX %d.scrollY %d.oldScrollX %d.oldScrollY","var":"HorizontalScrollView","icon":"2131165581","name":"OnScrollChange","listener":"ScrollChange","description":"Used to listen for scrolling Created By Rayan Mark","parameters":"%d %d %d %d"},{"code":"@Override\npublic void onScrollChange(View v, int _scrollX, int _scrollY, int _oldScrollX, int _oldScrollY) {\n%s\n}","headerSpec":"### on scrolled %d.scrollX %d.scrollY %d.oldScrollX %d.oldScrollY","var":"ScrollView","icon":"2131165581","name":"OnScrolled","listener":"ScrollChange2","description":"Used to listen for scrolling Created By Rayan Mark","parameters":"%d %d %d %d"},{"code":"%s","headerSpec":"### don\u0027t put any thing here","var":"TextColorAnimator","icon":"2131165505","name":"Enable","listener":"TextColorAnimator","description":"You must clicked this to Enable the component","parameters":""},{"code":"%s","headerSpec":"don\u0027t put any thing here","var":"WordsCounter","icon":"2131165312","name":"PublicInt","listener":"WordsCounter","description":"PublicInt","parameters":""},{"code":"@Override\npublic void onStart() {\n%s\n}","headerSpec":"### on start","var":"ScreenRecord","icon":"2131165589","name":"OnStart","listener":"ScreenRecord","description":"OnStart","parameters":""},{"code":"@Override\npublic void onStop() {\n%s\n}","headerSpec":"### on stop","var":"ScreenRecord","icon":"2131165590","name":"On Stop","listener":"ScreenRecord","description":"OnStop","parameters":""},{"code":"@Override \npublic void onConfigurationChanged(Configuration newConfig) \n{ \n   super.onConfigurationChanged(newConfig);\n%s\n }","headerSpec":"### onConfigurationChanged","var":"","icon":"2131165298","name":"onConfigurationChanged","listener":"","description":"onConfigurationChanged","parameters":""}]